"ordre","franja","tipo_dia","media_hw","sd_hw","n"
1,"20-22h","Laborable",15.0184210526316,0.321137473823043,95
2,"20-22h","Laborable",15.0405797101449,1.45496771097317,92
3,"20-22h","Laborable",15.0977528089888,1.47268520428823,89
4,"20-22h","Laborable",14.9315217391304,1.90596784069895,92
5,"20-22h","Laborable",14.8610486891386,2.02339371356075,89
6,"20-22h","Laborable",14.7873626373626,2.37757312288968,91
7,"20-22h","Laborable",14.7199275362319,2.611404544364,92
8,"20-22h","Laborable",14.546336996337,2.76377560035583,91
9,"20-22h","Laborable",14.486553030303,2.75085480497881,88
10,"20-22h","Laborable",14.4888888888889,2.87987051400461,87
12,"20-22h","Laborable",14.4160714285714,3.25802422698864,84
13,"20-22h","Laborable",14.4978682170543,3.29836144357986,86
14,"20-22h","Laborable",14.4130681818182,3.54573516494407,88
15,"20-22h","Laborable",14.1070588235294,3.62572139918226,85
16,"20-22h","Laborable",14.0897727272727,3.80085057347077,88
17,"20-22h","Laborable",14.1021317829457,3.69418620834225,86
18,"20-22h","Laborable",14.2253787878788,3.75425427245237,88
19,"20-22h","Laborable",14.2281007751938,3.85354709837548,86
20,"20-22h","Laborable",14.1990842490843,3.99601140848895,91
21,"20-22h","Laborable",14.041568627451,4.24215165743972,85
22,"20-22h","Laborable",14.1389534883721,4.14375316162508,86
23,"20-22h","Laborable",13.97,4.2807059139461,85
24,"20-22h","Laborable",14.195983935743,4.37370003169154,83
25,"20-22h","Laborable",13.9670498084291,4.7210213394089,87
26,"20-22h","Laborable",13.9969348659004,4.75351734910209,87
27,"20-22h","Laborable",14.048275862069,4.65246040495307,87
28,"20-22h","Laborable",13.9258620689655,4.87257708862876,87
29,"20-22h","Laborable",13.6238095238095,5.13732912190653,84
30,"20-22h","Laborable",13.7964705882353,5.40733817862604,85
31,"20-22h","Laborable",13.634126984127,5.36247866271233,84
32,"20-22h","Laborable",13.6208333333333,5.42321083314494,76
33,"20-22h","Laborable",13.7981735159818,5.30377046878193,73
34,"20-22h","Laborable",13.8839912280702,5.46971286455355,76
35,"20-22h","Laborable",13.4926160337553,5.58359850552558,79
36,"20-22h","Laborable",13.2433333333333,5.43242375446735,80
37,"20-22h","Laborable",13.494918699187,5.59936840514342,82
38,"20-22h","Laborable",13.5026819923372,5.89008817574988,87
39,"20-22h","Laborable",13.1185654008439,5.69763782921648,79
1,"16-18h","Laborable",9.05991228070176,1.71106292223117,190
2,"16-18h","Laborable",9.39157608695652,2.79082219360902,184
3,"16-18h","Laborable",9.43693693693694,2.73745473771708,185
4,"16-18h","Laborable",9.43061594202899,2.994370124393,184
5,"16-18h","Laborable",9.38072625698324,3.20065527099061,179
6,"16-18h","Laborable",9.36648148148148,3.18806500883942,180
7,"16-18h","Laborable",9.38724394785847,3.00299375832928,179
8,"16-18h","Laborable",9.31925287356322,3.12670475282583,174
9,"16-18h","Laborable",9.31804788213628,3.24068078812679,181
10,"16-18h","Laborable",9.14674329501916,3.12662888987994,174
11,"16-18h","Laborable",9.35526315789474,3.49058232200308,171
12,"16-18h","Laborable",9.38672316384181,3.66008333712071,177
13,"16-18h","Laborable",9.4969868173258,3.92071925547527,177
14,"16-18h","Laborable",9.67907407407406,4.05367162436499,180
15,"16-18h","Laborable",9.59722222222222,4.17957460584032,180
16,"16-18h","Laborable",9.4753745318352,4.20601913960069,178
17,"16-18h","Laborable",9.30251396648045,4.2974008867042,179
18,"16-18h","Laborable",9.36114285714286,4.67644241158809,175
19,"16-18h","Laborable",9.28322851153039,4.65423354943475,159
20,"16-18h","Laborable",9.22101851851851,4.86849451780754,180
21,"16-18h","Laborable",9.39434523809524,4.91371349123815,168
22,"16-18h","Laborable",9.36508875739645,4.84212775534535,169
23,"16-18h","Laborable",9.3391472868217,4.85240725709477,172
24,"16-18h","Laborable",9.2563872255489,4.95930923760692,167
25,"16-18h","Laborable",8.9820202020202,4.64496076711576,165
26,"16-18h","Laborable",9.10734126984127,4.90639483267448,168
27,"16-18h","Laborable",9.17743902439024,4.97048471297077,164
28,"16-18h","Laborable",9.17197916666666,4.83831680189034,160
29,"16-18h","Laborable",8.88932461873638,4.69431721208131,153
30,"16-18h","Laborable",8.80664556962025,4.75017224698809,158
31,"16-18h","Laborable",9.01923868312757,5.08919597813753,162
32,"16-18h","Laborable",9.14040404040404,5.20762357814877,165
33,"16-18h","Laborable",9.18905622489959,5.17382160621927,166
34,"16-18h","Laborable",9.27130801687764,5.42405648890438,158
35,"16-18h","Laborable",9.20054824561404,5.48375835150503,152
36,"16-18h","Laborable",9.29635761589404,5.71799721931964,151
37,"16-18h","Laborable",9.11054852320675,5.67153729558612,158
38,"16-18h","Laborable",9.40707762557078,5.41939112229976,146
39,"16-18h","Laborable",9.02275641025641,5.33638322960937,156
1,"6-8h","Laborable",8.88423772609819,1.423337555584,258
2,"6-8h","Laborable",8.76738845144357,1.71019204568901,254
3,"6-8h","Laborable",8.80780839895013,2.09522619874935,254
4,"6-8h","Laborable",8.88280423280423,2.23646629323556,252
5,"6-8h","Laborable",8.84692101740294,2.35392638463741,249
6,"6-8h","Laborable",8.82915032679738,2.33876241689215,255
7,"6-8h","Laborable",8.8716339869281,2.41085039727384,255
8,"6-8h","Laborable",8.77239583333334,2.64690178364963,256
9,"6-8h","Laborable",8.7465744400527,2.69691289977844,253
10,"6-8h","Laborable",8.81150326797386,2.87423171017307,255
11,"6-8h","Laborable",8.80299479166666,3.22734296752578,256
12,"6-8h","Laborable",8.76528326745718,3.26961103554568,253
17,"6-8h","Laborable",8.79375,3.65789223176029,248
18,"6-8h","Laborable",8.82108843537415,3.79177396640077,245
19,"6-8h","Laborable",8.85773558368495,3.79655888914083,237
22,"6-8h","Laborable",8.78465608465609,4.02836671541547,252
23,"6-8h","Laborable",8.88340080971659,4.12929267976678,247
24,"6-8h","Laborable",8.82123098201936,4.23812146176413,241
26,"6-8h","Laborable",8.79663978494624,4.42428936571029,248
28,"6-8h","Laborable",9.05360750360751,4.45374173384023,231
29,"6-8h","Laborable",9.06791666666667,4.58673433471743,240
30,"6-8h","Laborable",9.05809327846365,4.89286444470671,243
31,"6-8h","Laborable",9.05948275862069,4.72757063596384,232
32,"6-8h","Laborable",9.13764124293785,4.72472537046348,236
33,"6-8h","Laborable",8.98544303797469,4.65966335410631,237
34,"6-8h","Laborable",8.90062761506275,4.66819936078619,239
35,"6-8h","Laborable",9.07894345238095,4.60689857973268,224
36,"6-8h","Laborable",9.25498442367601,4.92473858760552,214
37,"6-8h","Laborable",9.20618846694796,5.23466837267297,237
38,"6-8h","Laborable",9.22386196769457,5.26964714538933,227
39,"6-8h","Laborable",9.43524464831805,5.29876857911122,218
1,"8-10h","Laborable",9.28476394849786,1.66312493053191,233
2,"8-10h","Laborable",9.4703869047619,2.25912996756956,224
3,"8-10h","Laborable",9.46607929515419,2.440625241792,227
4,"8-10h","Laborable",9.38842182890856,2.65250357713267,226
5,"8-10h","Laborable",9.41395007342144,2.75971444297035,227
6,"8-10h","Laborable",9.43105726872247,2.81912382710592,227
7,"8-10h","Laborable",9.42675250357653,2.87988250948929,233
8,"8-10h","Laborable",9.48450292397661,3.06615883500184,228
9,"8-10h","Laborable",9.47397660818714,3.18435552246131,228
10,"8-10h","Laborable",9.52659420289855,3.26290432486934,230
11,"8-10h","Laborable",9.59471014492753,3.35984143765951,230
12,"8-10h","Laborable",9.52813852813852,3.46740996045559,231
13,"8-10h","Laborable",9.50233918128655,3.44187337092506,228
14,"8-10h","Laborable",9.496,3.50297263219465,225
15,"8-10h","Laborable",9.57738619676945,3.72745238722929,227
16,"8-10h","Laborable",9.55948275862069,3.94584780279452,232
17,"8-10h","Laborable",9.68920704845815,3.92417841863334,227
18,"8-10h","Laborable",9.64045521292217,4.17339214599512,227
19,"8-10h","Laborable",9.87022653721682,4.37614013048663,206
20,"8-10h","Laborable",9.90052552552553,4.36108741404944,222
21,"8-10h","Laborable",9.85841049382716,4.58552801512335,216
22,"8-10h","Laborable",9.90668202764976,4.59458189253959,217
25,"8-10h","Laborable",10.1008012820513,4.79212757976893,208
26,"8-10h","Laborable",9.98075684380033,4.64113784922598,207
27,"8-10h","Laborable",9.97825396825398,4.6590160708661,210
28,"8-10h","Laborable",10.1994107744108,4.66030518072617,198
29,"8-10h","Laborable",10.1512759170654,5.10060704960353,209
30,"8-10h","Laborable",9.99945987654321,5.18685139130557,216
31,"8-10h","Laborable",10.0180620155039,5.06803715850204,215
32,"8-10h","Laborable",10.1814992025518,5.23875607973432,209
33,"8-10h","Laborable",10.0962015503876,5.46374625574266,215
34,"8-10h","Laborable",10.1539308176101,5.41101457543599,212
35,"8-10h","Laborable",10.2069047619048,5.481256418562,210
36,"8-10h","Laborable",10.26592039801,5.67601393255167,201
37,"8-10h","Laborable",10.2255503144654,5.79464066287851,212
38,"8-10h","Laborable",10.1801737756714,5.7834308139927,211
39,"8-10h","Laborable",10.1390749601276,5.65481405560211,209
1,"12-14h","Laborable",9.21031746031746,1.87388307350723,231
2,"12-14h","Laborable",9.265,2.51592808021285,230
3,"12-14h","Laborable",9.27407407407408,2.58444329926342,225
4,"12-14h","Laborable",9.40679012345679,2.79107616065172,216
5,"12-14h","Laborable",9.4371212121212,2.92170593944794,220
6,"12-14h","Laborable",9.42591743119266,2.9644242028411,218
7,"12-14h","Laborable",9.47424924924924,2.96821841768762,222
8,"12-14h","Laborable",9.47481481481482,3.14966658253358,225
9,"12-14h","Laborable",9.345,3.16024667649799,220
10,"12-14h","Laborable",9.45217717717717,3.32495463017915,222
11,"12-14h","Laborable",9.5085626911315,3.44538034888514,218
12,"12-14h","Laborable",9.55668202764977,3.63997158755384,217
13,"12-14h","Laborable",9.65550527903469,3.88233614568317,221
14,"12-14h","Laborable",9.62833333333334,3.82945674541343,220
15,"12-14h","Laborable",9.68013392857144,3.90014703795993,224
17,"12-14h","Laborable",9.58318713450292,4.15750181235038,228
18,"12-14h","Laborable",9.63513513513514,4.0342761268945,222
19,"12-14h","Laborable",9.92891666666667,4.09270519814423,200
20,"12-14h","Laborable",9.62222222222223,4.27198765194937,222
21,"12-14h","Laborable",9.66407232704402,4.57501569894715,212
22,"12-14h","Laborable",9.66973094170403,4.67111240696183,223
23,"12-14h","Laborable",9.72683486238532,4.71198750410705,218
24,"12-14h","Laborable",9.76798449612403,4.99232168168104,215
25,"12-14h","Laborable",9.89843505477308,4.93786976457773,213
26,"12-14h","Laborable",9.94291465378422,4.98323762360223,207
27,"12-14h","Laborable",9.94072327044026,5.09543264191183,212
28,"12-14h","Laborable",9.99134615384615,5.09613379013151,208
29,"12-14h","Laborable",9.92668269230769,5.16801731343554,208
30,"12-14h","Laborable",10.01331738437,5.31222303951361,209
31,"12-14h","Laborable",9.91933656957928,5.34193687577954,206
32,"12-14h","Laborable",10.1116666666667,5.53983905179833,210
33,"12-14h","Laborable",9.903668261563,5.47817175275369,209
34,"12-14h","Laborable",9.96155660377359,5.61864597190483,212
35,"12-14h","Laborable",10.2447546531303,5.72289436954833,197
36,"12-14h","Laborable",10.5000896057348,5.55978819170948,186
37,"12-14h","Laborable",10.4392055267703,5.77308295019084,193
38,"12-14h","Laborable",10.3668411867365,5.92071914331872,191
39,"12-14h","Laborable",10.3464223385689,5.96780080848022,191
1,"14-16h","Laborable",9.3344512195122,2.47503907903127,164
2,"14-16h","Laborable",9.50154320987654,3.06972898543422,162
3,"14-16h","Laborable",9.44567510548524,3.16108916589196,158
4,"14-16h","Laborable",9.54172043010753,3.26169024947595,155
5,"14-16h","Laborable",9.59668803418803,3.46376037183853,156
6,"14-16h","Laborable",9.56504329004328,3.52903547622424,154
7,"14-16h","Laborable",9.62415611814346,3.5868062208288,158
8,"14-16h","Laborable",9.61213080168777,3.59930973995778,158
9,"14-16h","Laborable",9.7731981981982,3.62643024936319,148
10,"14-16h","Laborable",9.77824675324675,3.70415492628819,154
11,"14-16h","Laborable",9.70759493670886,3.69463450359213,158
12,"14-16h","Laborable",9.75010482180294,3.83458817145193,159
13,"14-16h","Laborable",9.83511530398323,3.91249782230563,159
14,"14-16h","Laborable",9.82885416666667,4.02833375265305,160
15,"14-16h","Laborable",9.86404612159329,4.2164655038619,159
16,"14-16h","Laborable",9.88888888888888,4.30212604125103,162
17,"14-16h","Laborable",9.89715189873418,4.12396427754703,158
18,"14-16h","Laborable",9.93549382716049,4.34053794251317,162
19,"14-16h","Laborable",9.94695945945945,4.43860700995498,148
20,"14-16h","Laborable",10.0107966457023,4.42538075883146,159
21,"14-16h","Laborable",9.79108280254777,4.47555028077547,157
22,"14-16h","Laborable",9.7541935483871,4.31774192826774,155
23,"14-16h","Laborable",9.73704883227176,4.3152010508693,157
24,"14-16h","Laborable",9.9547770700637,4.72877249984118,157
25,"14-16h","Laborable",9.74901960784313,4.65565870997175,153
26,"14-16h","Laborable",9.95056306306306,4.86861911241325,148
27,"14-16h","Laborable",9.91258278145696,5.02762699597874,151
28,"14-16h","Laborable",9.97626931567329,5.4087988798384,151
29,"14-16h","Laborable",10.1061403508772,5.57585218682403,152
30,"14-16h","Laborable",9.94684684684684,5.34862545172068,148
31,"14-16h","Laborable",10.0410430839002,5.41244699430558,147
32,"14-16h","Laborable",10.0912037037037,5.5104037169445,144
33,"14-16h","Laborable",10.2023148148148,5.55229521658826,144
34,"14-16h","Laborable",10.35,5.57706969198039,141
35,"14-16h","Laborable",10.2838422391857,5.37235800261426,131
36,"14-16h","Laborable",10.2253846153846,5.45995413156528,130
37,"14-16h","Laborable",10.1113526570048,5.51137950766255,138
38,"14-16h","Laborable",10.3202637889688,5.61559278233927,139
39,"14-16h","Laborable",10.1650735294118,5.61544089591002,136
23,"8-10h","Laborable",9.92727272727273,4.6657882557019,220
24,"8-10h","Laborable",10.0062597809077,4.61305769540858,213
1,"10-12h","Laborable",9.5295524691358,2.03352581509186,216
2,"10-12h","Laborable",9.54353582554517,2.41839822710959,214
3,"10-12h","Laborable",9.57567140600316,2.51882237317292,211
4,"10-12h","Laborable",9.53789308176101,2.67991282880213,212
5,"10-12h","Laborable",9.50031746031745,2.91146606840553,210
6,"10-12h","Laborable",9.52320872274143,2.99812692092178,214
7,"10-12h","Laborable",9.57106481481482,3.21868574586946,216
8,"10-12h","Laborable",9.45782945736434,3.42732657285976,215
9,"10-12h","Laborable",9.49875,3.39861942669927,200
10,"10-12h","Laborable",9.54912698412697,3.61933317054784,210
11,"10-12h","Laborable",9.46375786163522,3.79654344858507,212
12,"10-12h","Laborable",9.47785602503911,3.88881961150009,213
13,"10-12h","Laborable",9.49834123222748,4.12237874226111,211
14,"10-12h","Laborable",9.41627172195893,4.13493934517176,211
15,"10-12h","Laborable",9.4959935897436,4.15089090489096,208
19,"10-12h","Laborable",9.32871794871796,4.56129142949694,195
20,"10-12h","Laborable",9.30574433656958,4.64129171598316,206
21,"10-12h","Laborable",9.31757877280265,4.75200168321056,201
22,"10-12h","Laborable",9.32423510466989,4.67489584681263,207
23,"10-12h","Laborable",9.46791666666667,4.87027267608491,200
24,"10-12h","Laborable",9.42033333333333,4.85547005995,200
25,"10-12h","Laborable",9.37328308207705,4.97724023609796,199
26,"10-12h","Laborable",9.39942528735632,5.161663013953,203
27,"10-12h","Laborable",9.21875,5.08193446372883,200
28,"10-12h","Laborable",9.53780068728522,5.28788195225226,194
29,"10-12h","Laborable",9.32739361702128,5.21975985393672,188
30,"10-12h","Laborable",9.3515625,5.40784693592584,192
31,"10-12h","Laborable",9.16331569664903,5.19857914414031,189
32,"10-12h","Laborable",9.03842105263158,5.32700604265736,190
33,"10-12h","Laborable",9.16965811965812,5.46220098774393,195
34,"10-12h","Laborable",9.1780701754386,5.36822649955153,190
35,"10-12h","Laborable",9.11117117117117,5.31458873210664,185
36,"10-12h","Laborable",9.4561553030303,5.35079151455661,176
37,"10-12h","Laborable",9.13432971014492,5.62508562201465,184
38,"10-12h","Laborable",9.30755919854281,5.71337159748739,183
39,"10-12h","Laborable",9.27407407407407,5.6479929083277,171
16,"10-12h","Laborable",9.39350961538462,4.31089624457248,208
17,"10-12h","Laborable",9.33276972624798,4.33219470404187,207
18,"10-12h","Laborable",9.42416267942584,4.45416587550184,209
16,"12-14h","Laborable",9.64918879056047,3.98881282264238,226
13,"6-8h","Laborable",8.78101851851852,3.26746814755297,252
14,"6-8h","Laborable",8.77002688172044,3.36392873787191,248
15,"6-8h","Laborable",8.81024590163935,3.65151279742319,244
16,"6-8h","Laborable",8.82081604426003,3.58693795801243,241
20,"6-8h","Laborable",8.81330645161291,3.93372415076111,248
21,"6-8h","Laborable",8.85790172642762,4.05149390577425,251
25,"6-8h","Laborable",8.81159122085048,4.31086427636643,243
27,"6-8h","Laborable",8.96694444444444,4.39442002977747,240
1,"18-20h","Laborable",10.4930139720559,1.80191435586003,167
2,"18-20h","Laborable",10.5049494949495,2.45497822878376,165
3,"18-20h","Laborable",10.4247942386831,2.52377120791848,162
4,"18-20h","Laborable",10.5731481481481,2.7684273439251,162
5,"18-20h","Laborable",10.5479957805907,2.97856185201528,158
6,"18-20h","Laborable",10.4965235173824,3.31297406680318,163
7,"18-20h","Laborable",10.3522916666667,3.39277425525188,160
8,"18-20h","Laborable",10.4456032719836,3.7079077197015,163
9,"18-20h","Laborable",10.3242825607064,3.94798201387106,151
10,"18-20h","Laborable",10.3393660531697,3.83939930772904,163
11,"18-20h","Laborable",10.2322222222222,3.69710604253298,150
12,"18-20h","Laborable",10.3337634408602,3.82969286403673,155
13,"18-20h","Laborable",10.2544585987261,3.97910111243517,157
14,"18-20h","Laborable",10.2880952380952,4.2153169894361,161
15,"18-20h","Laborable",10.4594339622642,4.43488580741725,159
16,"18-20h","Laborable",10.6284632034632,4.29698384589002,154
17,"18-20h","Laborable",10.6535256410256,4.48611917668699,156
18,"18-20h","Laborable",10.6480769230769,4.42081746991306,156
19,"18-20h","Laborable",10.4216666666667,4.38670995997347,150
20,"18-20h","Laborable",10.469375,4.53667363969876,160
21,"18-20h","Laborable",10.412101910828,4.70659188408521,157
22,"18-20h","Laborable",10.3491919191919,4.69500643092043,165
23,"18-20h","Laborable",10.4930997876858,4.67952328693534,157
24,"18-20h","Laborable",10.5164556962025,4.78309678108269,158
25,"18-20h","Laborable",10.3649494949495,4.84523087966344,165
26,"18-20h","Laborable",10.479375,4.88182087020153,160
27,"18-20h","Laborable",10.4662447257384,4.87190043346237,158
28,"18-20h","Laborable",10.2516025641026,5.01759226943005,156
29,"18-20h","Laborable",10.086875,4.70613601998968,160
30,"18-20h","Laborable",9.97726269315674,4.82317379888346,151
31,"18-20h","Laborable",10.067194092827,4.88427775802858,158
32,"18-20h","Laborable",10.121974522293,4.99985435621803,157
33,"18-20h","Laborable",10.1230769230769,5.12023271114378,156
34,"18-20h","Laborable",9.9831081081081,5.04311193897671,148
35,"18-20h","Laborable",10.2375,5.16017179184867,148
36,"18-20h","Laborable",9.99586129753915,5.1047366958919,149
37,"18-20h","Laborable",10.0582809224319,5.33716893794833,159
38,"18-20h","Laborable",9.98861502347418,5.16583092825802,142
39,"18-20h","Laborable",10.2745495495495,5.38411637767534,148
11,"20-22h","Laborable",14.508024691358,2.94774408930783,81
1,"6-8h","Fin de semana",12.3599290780142,1.16734793553173,47
2,"6-8h","Fin de semana",12.4475177304965,1.92402801461084,47
3,"6-8h","Fin de semana",12.4166666666667,2.09034472343724,47
4,"6-8h","Fin de semana",12.4583333333333,2.26390286294256,46
5,"6-8h","Fin de semana",12.4596899224806,2.36449216154039,43
6,"6-8h","Fin de semana",12.4829787234043,2.59039821552525,47
7,"6-8h","Fin de semana",12.486524822695,2.87664180866943,47
8,"6-8h","Fin de semana",12.4897163120567,3.11404321343859,47
9,"6-8h","Fin de semana",12.5434959349593,3.23858224735759,41
10,"6-8h","Fin de semana",12.5188405797101,3.37298748171382,46
11,"6-8h","Fin de semana",12.4322463768116,3.51203645010106,46
12,"6-8h","Fin de semana",12.586170212766,3.58050666932001,47
13,"6-8h","Fin de semana",12.6565217391304,3.93130280020814,46
14,"6-8h","Fin de semana",12.6836879432624,3.92409946800577,47
15,"6-8h","Fin de semana",12.6751773049645,3.84029750561693,47
16,"6-8h","Fin de semana",12.7053191489362,3.77447425136146,47
17,"6-8h","Fin de semana",12.7301418439716,3.79460530859824,47
18,"6-8h","Fin de semana",12.7241134751773,3.88480380275212,47
19,"6-8h","Fin de semana",12.7684397163121,3.80373455256904,47
20,"6-8h","Fin de semana",12.8234042553192,3.69592355995687,47
21,"6-8h","Fin de semana",12.9541666666667,3.43353488721251,44
22,"6-8h","Fin de semana",13.0090579710145,3.9090346547923,46
23,"6-8h","Fin de semana",12.9710144927536,4.05822961276327,46
24,"6-8h","Fin de semana",13.0713768115942,4.21944742600068,46
25,"6-8h","Fin de semana",13.0652173913043,4.19696072585947,46
26,"6-8h","Fin de semana",13.1290780141844,4.26777678618271,47
27,"6-8h","Fin de semana",12.9794326241135,4.26668961266186,47
28,"6-8h","Fin de semana",13.0741134751773,4.60910122610117,47
29,"6-8h","Fin de semana",13.086524822695,4.68285576797899,47
30,"6-8h","Fin de semana",13.0429078014184,4.76550576808108,47
31,"6-8h","Fin de semana",13.0943262411347,4.76491337547641,47
32,"6-8h","Fin de semana",13.0047101449275,4.84183627935645,46
33,"6-8h","Fin de semana",13.1815602836879,5.07628310573751,47
34,"6-8h","Fin de semana",13.0702898550725,4.99170164835757,46
35,"6-8h","Fin de semana",13.4822222222222,4.89839233573093,45
36,"6-8h","Fin de semana",13.3687943262411,5.20170751533919,47
37,"6-8h","Fin de semana",13.5383720930233,4.69495892956624,43
38,"6-8h","Fin de semana",13.6359259259259,5.19997566471039,45
39,"6-8h","Fin de semana",13.6922222222222,5.00396761772016,45
1,"8-10h","Fin de semana",13.2258064516129,2.06855122390822,62
2,"8-10h","Fin de semana",13.3970430107527,2.70716267123693,62
3,"8-10h","Fin de semana",13.3548387096774,2.77952176289187,62
4,"8-10h","Fin de semana",13.4819892473118,3.0436671666554,62
5,"8-10h","Fin de semana",13.5129032258065,3.15682020987509,62
6,"8-10h","Fin de semana",13.5537634408602,3.42314981251668,62
7,"8-10h","Fin de semana",13.5790322580645,3.55606147063198,62
8,"8-10h","Fin de semana",13.6317204301075,3.71444983960012,62
9,"8-10h","Fin de semana",13.7827777777778,3.89449967857111,60
10,"8-10h","Fin de semana",13.7849726775956,3.9224457422752,61
11,"8-10h","Fin de semana",13.7128415300546,4.21392246391366,61
12,"8-10h","Fin de semana",13.7806451612903,4.49456481473423,62
13,"8-10h","Fin de semana",13.3122641509434,4.51819345817148,53
14,"8-10h","Fin de semana",13.7436111111111,4.51601678947413,60
15,"8-10h","Fin de semana",13.866384180791,4.77292962429987,59
16,"8-10h","Fin de semana",13.682183908046,4.7382499196293,58
17,"8-10h","Fin de semana",13.7252873563218,4.76788951044525,58
18,"8-10h","Fin de semana",13.716091954023,4.80797336213973,58
19,"8-10h","Fin de semana",13.6592592592593,4.50592862042388,54
20,"8-10h","Fin de semana",13.6939655172414,4.92384766332748,58
21,"8-10h","Fin de semana",13.4565476190476,5.17432245949775,56
22,"8-10h","Fin de semana",13.4815476190476,5.13092395106677,56
23,"8-10h","Fin de semana",13.7704022988506,5.50065213491913,58
24,"8-10h","Fin de semana",13.5190476190476,5.1654773103902,56
25,"8-10h","Fin de semana",13.7873563218391,5.42347822759824,58
26,"8-10h","Fin de semana",13.6641975308642,5.11004417205265,54
27,"8-10h","Fin de semana",13.9416666666667,5.35842770546991,56
28,"8-10h","Fin de semana",14.2160606060606,5.36707206853527,55
29,"8-10h","Fin de semana",13.9223214285714,5.57349361519716,56
30,"8-10h","Fin de semana",14.0969696969697,5.87727461519,55
31,"8-10h","Fin de semana",13.9197530864198,5.87358625130424,54
32,"8-10h","Fin de semana",14.4901960784314,5.98497301253601,51
33,"8-10h","Fin de semana",14.2842767295597,5.80068097156826,53
34,"8-10h","Fin de semana",14.3551515151515,6.0858010154171,55
35,"8-10h","Fin de semana",14.4111111111111,5.71491488712305,48
36,"8-10h","Fin de semana",14.5443333333333,5.83515968494033,50
37,"8-10h","Fin de semana",14.313,6.11592220533981,50
38,"8-10h","Fin de semana",14.4608843537415,5.91778505765985,49
39,"8-10h","Fin de semana",14.7,5.58649742579122,44
1,"10-12h","Fin de semana",13.0270833333333,1.49929701809327,48
2,"10-12h","Fin de semana",12.8166666666667,2.2085343813206,48
3,"10-12h","Fin de semana",12.9142361111111,2.17642915081165,48
4,"10-12h","Fin de semana",12.740780141844,2.18927945845887,47
5,"10-12h","Fin de semana",12.7968085106383,2.27997912498355,47
6,"10-12h","Fin de semana",12.6982269503546,2.34119079192307,47
7,"10-12h","Fin de semana",12.7290780141844,2.52063577039964,47
8,"10-12h","Fin de semana",12.7244680851064,2.41126044740408,47
9,"10-12h","Fin de semana",12.6166666666667,2.62125825359527,44
10,"10-12h","Fin de semana",12.7960992907801,3.04626407126161,47
11,"10-12h","Fin de semana",12.7386524822695,3.54450330797949,47
12,"10-12h","Fin de semana",12.5051851851852,3.91783641820017,45
13,"10-12h","Fin de semana",12.2837209302326,3.66743766852837,43
14,"10-12h","Fin de semana",12.6599290780142,4.06378886589247,47
15,"10-12h","Fin de semana",12.3425925925926,4.49188740610622,45
16,"10-12h","Fin de semana",12.3284090909091,4.51434632401475,44
17,"10-12h","Fin de semana",11.9236434108527,4.34104203311932,43
18,"10-12h","Fin de semana",11.8916666666667,4.59313258300526,44
19,"10-12h","Fin de semana",12.3670454545455,4.52162688335786,44
20,"10-12h","Fin de semana",12.1463768115942,4.73869273144038,46
21,"10-12h","Fin de semana",12.1039855072464,4.90896909645076,46
22,"10-12h","Fin de semana",12.2198581560284,4.94946154088102,47
23,"10-12h","Fin de semana",12.3550724637681,5.21184295922944,46
24,"10-12h","Fin de semana",12.3382978723404,5.15041027737454,47
25,"10-12h","Fin de semana",12.3297101449275,5.05691912385674,46
26,"10-12h","Fin de semana",12.2656028368794,5.4756448060234,47
27,"10-12h","Fin de semana",12.222695035461,5.48075401377987,47
28,"10-12h","Fin de semana",12.1872340425532,5.42367129342348,47
29,"10-12h","Fin de semana",12.1730496453901,5.72845949858688,47
30,"10-12h","Fin de semana",12.1957446808511,5.84107298983033,47
31,"10-12h","Fin de semana",12.1957446808511,5.90345684786896,47
32,"10-12h","Fin de semana",12.2198581560284,6.03773824136408,47
33,"10-12h","Fin de semana",12.1575757575758,5.89686494746129,44
34,"10-12h","Fin de semana",11.5911111111111,6.02774268015663,45
35,"10-12h","Fin de semana",11.7708333333333,6.06073494511478,44
36,"10-12h","Fin de semana",11.7619047619048,6.38574407948697,42
37,"10-12h","Fin de semana",11.8066666666667,6.1893730202532,45
38,"10-12h","Fin de semana",11.8116279069768,6.06919049072836,43
39,"10-12h","Fin de semana",12.3151960784314,6.47114986691849,34
1,"14-16h","Fin de semana",13.3067796610169,1.68352997213853,59
2,"14-16h","Fin de semana",13.3612994350282,2.21479144750002,59
3,"14-16h","Fin de semana",13.4124293785311,2.31323361195748,59
4,"14-16h","Fin de semana",13.3822033898305,2.65519599107538,59
5,"14-16h","Fin de semana",13.3731638418079,3.02721692449386,59
6,"14-16h","Fin de semana",13.3214689265537,3.10122959616301,59
7,"14-16h","Fin de semana",13.1258928571429,3.03320665676692,56
8,"14-16h","Fin de semana",13.2367231638418,3.04567210630569,59
9,"14-16h","Fin de semana",13.1581699346405,3.38246026920745,51
10,"14-16h","Fin de semana",13.05,3.37984514062451,57
11,"14-16h","Fin de semana",13.0058479532164,3.7538677028416,57
12,"14-16h","Fin de semana",13.0166666666667,3.92417526560061,56
13,"14-16h","Fin de semana",12.8192528735632,4.19073493268946,58
14,"14-16h","Fin de semana",12.8005747126437,4.16765247463015,58
15,"14-16h","Fin de semana",12.9850282485876,4.62990000855596,59
16,"14-16h","Fin de semana",12.9505649717514,4.77888070835932,59
17,"14-16h","Fin de semana",12.9497175141243,4.95877303326683,59
18,"14-16h","Fin de semana",12.8011904761905,4.96518063709859,56
19,"14-16h","Fin de semana",12.7440476190476,4.79558870167897,56
20,"14-16h","Fin de semana",12.4748484848485,5.08896861566942,55
21,"14-16h","Fin de semana",12.5353801169591,5.15156594139742,57
22,"14-16h","Fin de semana",12.6005847953216,5.22384923618435,57
23,"14-16h","Fin de semana",12.580701754386,5.46211136922875,57
24,"14-16h","Fin de semana",12.7025423728814,5.64986760564317,59
25,"14-16h","Fin de semana",12.6222222222222,5.35741432292792,57
26,"14-16h","Fin de semana",12.1698113207547,5.06488461470711,53
27,"14-16h","Fin de semana",12.3387878787879,5.42391827464759,55
28,"14-16h","Fin de semana",12.502380952381,5.84070739849746,56
29,"14-16h","Fin de semana",12.2218954248366,5.36940146695046,51
30,"14-16h","Fin de semana",12.7389937106918,5.67882175184922,53
31,"14-16h","Fin de semana",12.6843333333333,5.32567520976536,50
32,"14-16h","Fin de semana",12.371,5.78998647874382,50
33,"14-16h","Fin de semana",12.4056603773585,5.7703596662002,53
34,"14-16h","Fin de semana",12.925786163522,5.8410494443648,53
35,"14-16h","Fin de semana",12.7576388888889,5.664296498828,48
36,"14-16h","Fin de semana",12.8298742138365,6.31521392408448,53
37,"14-16h","Fin de semana",12.5786231884058,6.11767996757938,46
38,"14-16h","Fin de semana",12.6746913580247,6.40561920895339,54
39,"14-16h","Fin de semana",12.3325757575758,6.00210014337301,44
1,"12-14h","Fin de semana",13.0846774193548,2.09336991890321,62
2,"12-14h","Fin de semana",13.1513888888889,2.35566650970786,60
3,"12-14h","Fin de semana",13.0666666666667,2.55717142230632,62
4,"12-14h","Fin de semana",13.2228070175439,2.61238205395438,57
5,"12-14h","Fin de semana",13.0901639344262,2.7123335877425,61
6,"12-14h","Fin de semana",13.1318965517241,2.79869310297276,58
7,"12-14h","Fin de semana",12.9626344086022,3.19694709432245,62
8,"12-14h","Fin de semana",12.9190860215054,3.18807952590855,62
10,"12-14h","Fin de semana",12.8572222222222,3.54743928580934,60
11,"12-14h","Fin de semana",12.9852150537634,3.71868602158457,62
13,"12-14h","Fin de semana",12.9252777777778,3.99416062903977,60
14,"12-14h","Fin de semana",12.9830601092896,4.07934327934914,61
15,"12-14h","Fin de semana",13.0739247311828,4.25631387954839,62
16,"12-14h","Fin de semana",13.1537634408602,4.34229046875855,62
17,"12-14h","Fin de semana",13.1172043010753,4.34423174255089,62
18,"12-14h","Fin de semana",13.105,4.69127821996306,60
19,"12-14h","Fin de semana",13.1220430107527,4.40683437404964,62
20,"12-14h","Fin de semana",13.1844086021505,4.3768661083576,62
21,"12-14h","Fin de semana",13.169623655914,4.27829116188688,62
22,"12-14h","Fin de semana",13.2427419354839,4.45992029971971,62
23,"12-14h","Fin de semana",13.2104838709677,4.51721886192689,62
24,"12-14h","Fin de semana",13.3436111111111,4.36065710988679,60
25,"12-14h","Fin de semana",13.2400537634409,4.52348904991224,62
26,"12-14h","Fin de semana",13.3475,4.5743345918908,60
27,"12-14h","Fin de semana",13.2887096774194,4.6682294165119,62
28,"12-14h","Fin de semana",13.2489247311828,4.70173191258799,62
29,"12-14h","Fin de semana",13.3247311827957,4.7939784083135,62
30,"12-14h","Fin de semana",13.3972222222222,4.82843621644691,60
31,"12-14h","Fin de semana",13.2865591397849,4.80398176408962,62
32,"12-14h","Fin de semana",13.4152777777778,5.06111639544439,60
33,"12-14h","Fin de semana",13.44,5.2346809952862,60
34,"12-14h","Fin de semana",13.4438172043011,5.18938354561736,62
35,"12-14h","Fin de semana",13.5658602150538,5.23902133150992,62
36,"12-14h","Fin de semana",13.5833333333333,5.48031230638528,60
37,"12-14h","Fin de semana",13.4117486338798,5.45218130342268,61
38,"12-14h","Fin de semana",13.4049180327869,5.51495890339469,61
39,"12-14h","Fin de semana",13.1647058823529,5.53567184225167,51
9,"12-14h","Fin de semana",12.7307471264368,3.15549398937779,58
12,"12-14h","Fin de semana",12.9105263157895,3.68798541542591,57
1,"16-18h","Fin de semana",13.4810897435897,1.39305399851139,52
2,"16-18h","Fin de semana",13.3230769230769,1.50114754160917,52
3,"16-18h","Fin de semana",13.3134615384615,1.64868085666061,52
4,"16-18h","Fin de semana",13.2647435897436,1.81892033217363,52
5,"16-18h","Fin de semana",13.2650641025641,2.02810658883589,52
6,"16-18h","Fin de semana",13.2564102564103,1.91195970438137,52
7,"16-18h","Fin de semana",13.1663461538462,2.18384464996255,52
8,"16-18h","Fin de semana",13.2673076923077,2.50417725420199,52
9,"16-18h","Fin de semana",13.2192307692308,2.74592069121331,52
10,"16-18h","Fin de semana",13.1761437908497,2.87005275774576,51
11,"16-18h","Fin de semana",13.2251700680272,2.97121631949503,49
12,"16-18h","Fin de semana",13.1477564102564,3.09261371229701,52
13,"16-18h","Fin de semana",13.1936666666667,3.55982542120796,50
14,"16-18h","Fin de semana",13.2556666666667,3.46975367851511,50
15,"16-18h","Fin de semana",13.1858974358974,4.15518468244981,52
16,"16-18h","Fin de semana",13.1516025641026,4.35524032591358,52
17,"16-18h","Fin de semana",13.0935897435897,4.2628303753236,52
18,"16-18h","Fin de semana",13.1945512820513,4.41495122827887,52
19,"16-18h","Fin de semana",13.2201923076923,4.44940491546072,52
20,"16-18h","Fin de semana",13.2,4.56526026719064,52
21,"16-18h","Fin de semana",13.2852564102564,4.86980118172419,52
22,"16-18h","Fin de semana",13.2509615384615,5.02056057319099,52
23,"16-18h","Fin de semana",13.2419871794872,4.99670751114191,52
24,"16-18h","Fin de semana",13.3125,5.06219044078977,52
25,"16-18h","Fin de semana",13.3836538461538,4.95343072325793,52
26,"16-18h","Fin de semana",13.3214743589744,5.02192506264693,52
27,"16-18h","Fin de semana",13.3358974358974,5.10538865283183,52
28,"16-18h","Fin de semana",13.2173333333333,5.17280079137126,50
29,"16-18h","Fin de semana",13.0413194444444,5.31996883776504,48
30,"16-18h","Fin de semana",12.9974637681159,5.24034676002695,46
31,"16-18h","Fin de semana",13.0166666666667,5.53252084027456,50
32,"16-18h","Fin de semana",13.0727891156463,5.30767339988803,49
33,"16-18h","Fin de semana",13.0561224489796,5.11229873039203,49
34,"16-18h","Fin de semana",12.9541666666667,5.53132087488288,52
35,"16-18h","Fin de semana",13.025,5.49216068374141,52
36,"16-18h","Fin de semana",12.9544871794872,5.42085671563297,52
37,"16-18h","Fin de semana",12.9240384615385,5.37751553686777,52
38,"16-18h","Fin de semana",13.022,5.76343588472007,50
39,"16-18h","Fin de semana",12.8407894736842,6.2413251477652,38
1,"18-20h","Fin de semana",14.499358974359,0.90522533436869,26
2,"18-20h","Fin de semana",14.2416666666667,1.30374886811498,26
3,"18-20h","Fin de semana",14.1715277777778,1.47343201819367,24
4,"18-20h","Fin de semana",14.0375,1.70248645954308,24
5,"18-20h","Fin de semana",13.9020833333333,1.69898600407095,24
6,"18-20h","Fin de semana",13.9891025641025,1.81282432995647,26
7,"18-20h","Fin de semana",13.898717948718,2.20621306051251,26
8,"18-20h","Fin de semana",13.8717948717949,2.16370961920474,26
9,"18-20h","Fin de semana",13.8652173913043,2.37840618607215,23
10,"18-20h","Fin de semana",13.9532051282051,2.42363372384328,26
11,"18-20h","Fin de semana",13.9121794871795,2.54741506321083,26
12,"18-20h","Fin de semana",14.1006666666667,2.46796362299863,25
13,"18-20h","Fin de semana",13.675,2.74134562676991,24
14,"18-20h","Fin de semana",13.5263888888889,2.91566200778473,24
15,"18-20h","Fin de semana",13.7935897435897,2.80229698213239,26
16,"18-20h","Fin de semana",13.8923076923077,2.83388712536621,26
17,"18-20h","Fin de semana",13.9051282051282,2.81427223365619,26
18,"18-20h","Fin de semana",13.6145833333333,2.72229262084858,24
19,"18-20h","Fin de semana",13.6429487179487,2.60476560291975,26
20,"18-20h","Fin de semana",13.8160256410257,2.62398543682113,26
21,"18-20h","Fin de semana",13.700641025641,2.99725608133401,26
22,"18-20h","Fin de semana",13.5819444444445,2.88951927811789,24
23,"18-20h","Fin de semana",13.5865384615385,3.3443551752859,26
24,"18-20h","Fin de semana",13.2388888888889,3.32620130732882,24
25,"18-20h","Fin de semana",13.2659722222222,3.22130767985257,24
26,"18-20h","Fin de semana",13.0986111111111,3.89841388738537,24
27,"18-20h","Fin de semana",13.2486111111111,3.89550377716913,24
28,"18-20h","Fin de semana",13.1659722222222,4.09114301725086,24
29,"18-20h","Fin de semana",13.3270833333333,4.31718790569087,24
30,"18-20h","Fin de semana",13.4291666666667,4.50803161411014,24
31,"18-20h","Fin de semana",13.3381944444444,4.09350103267465,24
32,"18-20h","Fin de semana",13.575641025641,4.43205051808661,26
33,"18-20h","Fin de semana",13.35625,4.35612682111556,24
34,"18-20h","Fin de semana",13.3201388888889,4.16159975733585,24
35,"18-20h","Fin de semana",13.424358974359,4.90521090444579,26
36,"18-20h","Fin de semana",13.55,5.05629200985157,26
37,"18-20h","Fin de semana",13.5307692307692,5.06898125269476,26
38,"18-20h","Fin de semana",12.7514492753623,3.93621143110875,23
39,"18-20h","Fin de semana",12.9468253968254,5.7890596507733,21
1,"20-22h","Fin de semana",15.0022222222222,0.0138968231305339,15
2,"20-22h","Fin de semana",14.8777777777778,2.11519133686168,15
3,"20-22h","Fin de semana",14.9588888888889,2.12144068548017,15
4,"20-22h","Fin de semana",14.9977777777778,2.83524352042396,15
5,"20-22h","Fin de semana",15.0433333333333,3.55672178294427,15
6,"20-22h","Fin de semana",15.0444444444445,3.72082655663365,15
8,"20-22h","Fin de semana",14.2866666666667,3.64564428081262,15
9,"20-22h","Fin de semana",14.3,4.2870606350842,15
10,"20-22h","Fin de semana",14.4144444444444,4.70399976154484,15
11,"20-22h","Fin de semana",14.5688888888889,4.69775726069612,15
12,"20-22h","Fin de semana",14.5755555555555,4.73618654224711,15
13,"20-22h","Fin de semana",14.4777777777778,5.65511661377055,15
14,"20-22h","Fin de semana",14.4366666666667,5.53447062322724,15
15,"20-22h","Fin de semana",13.5630952380952,5.69453621236997,14
16,"20-22h","Fin de semana",14.4866666666667,6.55008239376266,15
18,"20-22h","Fin de semana",14.2266666666667,6.67785608595765,15
20,"20-22h","Fin de semana",14.4466666666667,6.53017780938793,15
21,"20-22h","Fin de semana",13.6857142857143,6.03009141240849,14
22,"20-22h","Fin de semana",14.5888888888889,6.76491493472562,15
23,"20-22h","Fin de semana",13.9083333333334,6.1423315751828,14
25,"20-22h","Fin de semana",13.8714285714286,6.35659502928256,14
26,"20-22h","Fin de semana",13.9238095238095,6.59470687219373,14
39,"20-22h","Fin de semana",14.3933333333334,5.42741213370935,10
7,"20-22h","Fin de semana",14.9589743589743,4.21977057139526,13
17,"20-22h","Fin de semana",14.3541666666667,5.59008919626707,12
19,"20-22h","Fin de semana",15.2115384615385,6.10443594254521,13
24,"20-22h","Fin de semana",15.3705128205128,5.98213448933011,13
27,"20-22h","Fin de semana",15.4366666666667,5.07927160132237,10
28,"20-22h","Fin de semana",14.2555555555555,6.26687351904468,12
29,"20-22h","Fin de semana",15.0416666666667,5.88390905797063,10
30,"20-22h","Fin de semana",13.3604166666667,4.82266423025463,8
31,"20-22h","Fin de semana",13.1439393939394,6.09142508744537,11
32,"20-22h","Fin de semana",13.7888888888889,5.21375051612988,9
33,"20-22h","Fin de semana",11.8111111111111,5.66460746899356,9
34,"20-22h","Fin de semana",11.9633333333333,5.71991215507096,10
35,"20-22h","Fin de semana",12.0666666666667,5.64188480895625,10
36,"20-22h","Fin de semana",14.802380952381,5.74129315485177,7
37,"20-22h","Fin de semana",14.7857142857143,5.48004315821263,7
38,"20-22h","Fin de semana",14.0395833333333,5.8535699153566,8
